temperature,humidity,voc,ammonia,alcohol,timestamp,cycle_id,stage
33.2,76.1,642,1298,945,23-09-2025 22:30,1,Fresh
33.5,75.3,620,1310,999,23-09-2025 22:35,1,Fresh
33.7,74.7,611,1301,995,23-09-2025 22:40,1,Fresh
33.8,74.6,601,1293,999,23-09-2025 22:45,1,Fresh
33.9,74.7,614,1296,1045,23-09-2025 22:50,1,Fresh
33.9,75.2,597,1237,1007,23-09-2025 22:55,1,Fresh
34.1,75,600,1275,1068,23-09-2025 23:00,1,Fresh
34.1,74.8,614,1292,1107,23-09-2025 23:05,1,Fresh
34.2,74.6,639,1296,1150,23-09-2025 23:10,1,Fresh
34.2,74.7,656,1298,1179,23-09-2025 23:15,1,Fresh
34.2,74.7,643,1311,1189,23-09-2025 23:20,1,Fresh
34.3,74.7,640,1310,1200,23-09-2025 23:25,1,Fresh
34.3,74.7,650,1301,1210,23-09-2025 23:30,1,Fresh
34.2,75,665,1392,1207,23-09-2025 23:47,1,Fresh
34.4,74.7,679,1414,1230,23-09-2025 23:57,1,Fresh
34.4,74.5,752,1421,1648,24-09-2025 00:02,1,Fresh
34.2,75.1,843,1438,1730,24-09-2025 00:12,1,Fresh
34.2,75,752,1392,1712,24-09-2025 00:14,1,Fresh
34.4,75,745,1379,1705,24-09-2025 00:19,1,Fresh
34.6,75.1,922,1427,1776,24-09-2025 00:29,1,Fresh
34.7,74.7,958,1460,1792,24-09-2025 00:34,1,Fresh
34.8,74.7,999,1458,1814,24-09-2025 00:39,1,Fresh
34.9,74.6,1036,1498,1843,24-09-2025 00:44,1,Fresh
34.9,74.3,1053,1561,1853,24-09-2025 00:49,1,Fresh
35,74.5,1060,1471,1867,24-09-2025 00:54,1,Fresh
35,74.6,1077,1427,1882,24-09-2025 00:59,1,Fresh
35.1,74.6,1095,1525,1904,24-09-2025 01:09,1,Fresh
35.1,74.6,1099,1535,1910,24-09-2025 01:14,1,Fresh
35.1,74.7,1104,1583,1919,24-09-2025 01:19,1,Fresh
35.1,74.6,1104,1510,1905,24-09-2025 01:24,1,Fresh
35.1,74.8,1110,1520,1904,24-09-2025 01:29,1,Fresh
35.1,74.7,1116,1485,1899,24-09-2025 01:34,1,Fresh
35.2,74.8,1115,1520,1913,24-09-2025 01:39,1,Fresh
35.1,75.1,1134,1557,1952,24-09-2025 01:50,1,Fresh
35.1,75.1,1136,1535,1968,24-09-2025 01:55,1,Fresh
35.2,75.1,1135,1506,1973,24-09-2025 02:00,1,Fresh
35.1,75.2,1139,1579,2000,24-09-2025 02:05,1,Fresh
35.1,75.3,1149,1601,2011,24-09-2025 02:10,1,Fresh
35.1,75.2,1146,1579,2013,24-09-2025 02:15,1,Fresh
35.2,75.3,1172,1616,2001,24-09-2025 02:20,1,Fresh
35.2,75.3,1158,1614,2031,24-09-2025 02:25,1,Fresh
35.2,75.3,1157,1600,2064,24-09-2025 02:30,1,Fresh
35.2,75.3,1169,1616,2093,24-09-2025 02:35,1,Fresh
35.2,75.4,1175,1627,2110,24-09-2025 02:40,1,Fresh
35.2,75.4,1186,1658,2128,24-09-2025 02:45,1,Fresh
35.2,75.5,1191,1667,2129,24-09-2025 02:50,1,Fresh
35.2,75.4,1185,1630,2139,24-09-2025 02:55,1,Fresh
35.2,75.6,1182,1664,2143,24-09-2025 03:00,1,Fresh
35.2,75.5,1186,1654,2133,24-09-2025 03:05,1,Fresh
35.2,75.6,1180,1642,2106,24-09-2025 03:10,1,Fresh
35.2,75.8,1174,1651,2096,24-09-2025 03:15,1,Fresh
35.1,74.9,1195,1633,2042,24-09-2025 03:20,1,Fresh
34.9,75.3,1207,1645,2033,24-09-2025 03:25,1,Fresh
34.9,75.3,1227,1590,1744,24-09-2025 03:30,1,Fresh
35,75.1,1255,1563,2030,24-09-2025 03:35,1,Fresh
35,75,1183,1522,2027,24-09-2025 03:40,1,Fresh
34.9,75.1,1158,1535,2019,24-09-2025 03:45,1,Fresh
34.9,75,1162,1535,2038,24-09-2025 03:50,1,Fresh
34.9,75.1,1121,1554,2075,24-09-2025 03:55,1,Fresh
34.9,75,1072,1443,2058,24-09-2025 04:00,1,Fresh
34.8,74.9,1054,1523,2033,24-09-2025 04:05,1,Fresh
34.8,74.7,1017,1495,1998,24-09-2025 04:10,1,Fresh
34.8,74.7,1014,1487,2011,24-09-2025 04:16,1,Fresh
34.8,74.6,1002,1511,2018,24-09-2025 04:21,1,Fresh
34.8,74.5,989,1471,2018,24-09-2025 04:26,1,Fresh
34.8,74.5,975,1459,2006,24-09-2025 04:31,1,Fresh
34.8,74.4,971,1471,2006,24-09-2025 04:36,1,Fresh
34.8,74.2,959,1489,1997,24-09-2025 04:41,1,Fresh
34.7,74.1,954,1477,2007,24-09-2025 04:46,1,Fresh
34.7,74.1,950,1502,2001,24-09-2025 04:51,1,Fresh
34.7,74,943,1495,1996,24-09-2025 04:56,1,Fresh
34.7,73.9,945,1450,2003,24-09-2025 05:01,1,Fresh
34.7,73.8,929,1455,2003,24-09-2025 05:06,1,Fresh
34.7,73.7,932,1423,2001,24-09-2025 05:11,1,Fresh
34.7,73.6,927,1446,2003,24-09-2025 05:16,1,Fresh
34.7,73.5,926,1497,2003,24-09-2025 05:21,1,Fresh
34.7,73.1,930,1446,1995,24-09-2025 05:26,1,Fresh
34.6,73.2,916,1392,2000,24-09-2025 05:31,1,Fresh
34.6,73.2,915,1473,2003,24-09-2025 05:36,1,Fresh
34.6,72.9,912,1407,1994,24-09-2025 05:41,1,Fresh
34.6,72.9,919,1442,2002,24-09-2025 05:46,1,Fresh
34.6,72.9,942,1428,2014,24-09-2025 05:51,1,Fresh
34.6,72.7,960,1466,2013,24-09-2025 05:56,1,Fresh
34.6,72.6,962,1483,2007,24-09-2025 06:01,1,Fresh
34.6,72.6,950,1471,2011,24-09-2025 06:06,1,Fresh
34.6,72.5,944,1570,2011,24-09-2025 06:11,1,Fresh
34.6,72.4,941,1495,2015,24-09-2025 06:16,1,Fresh
34.6,72.4,944,1493,2012,24-09-2025 06:21,1,Fresh
34.6,72.1,969,1456,2064,24-09-2025 06:26,1,Fresh
34.4,71.2,982,1394,2055,24-09-2025 06:31,1,Fresh
34.2,71.2,986,1389,2045,24-09-2025 06:36,1,Early Spoilage
34.1,71.1,944,1315,1989,24-09-2025 06:41,1,Early Spoilage
34.1,70.7,946,1367,2021,24-09-2025 06:46,1,Early Spoilage
34.1,70.8,969,1333,2000,24-09-2025 06:51,1,Early Spoilage
34.1,70.7,999,1349,2005,24-09-2025 06:56,1,Early Spoilage
34.1,70.4,1004,1376,2027,24-09-2025 07:01,1,Early Spoilage
34,70.4,993,1347,2032,24-09-2025 07:07,1,Early Spoilage
34,70.4,981,1381,2043,24-09-2025 07:12,1,Early Spoilage
34,70.1,955,1279,2032,24-09-2025 07:17,1,Early Spoilage
33.9,70.4,950,1328,2039,24-09-2025 07:22,1,Early Spoilage
33.9,70.4,949,1371,2058,24-09-2025 07:27,1,Early Spoilage
33.9,70.4,948,1355,2047,24-09-2025 07:32,1,Early Spoilage
33.9,70,934,1296,2029,24-09-2025 07:37,1,Early Spoilage
33.8,70,915,1282,2010,24-09-2025 07:42,1,Early Spoilage
33.8,69.7,902,1297,2007,24-09-2025 07:47,1,Early Spoilage
33.8,69.8,910,1303,2000,24-09-2025 07:52,1,Early Spoilage
33.9,69.7,912,1351,2017,24-09-2025 07:57,1,Early Spoilage
33.9,69.6,899,1298,2015,24-09-2025 08:02,1,Early Spoilage
33.9,69.5,897,1286,2018,24-09-2025 08:07,1,Early Spoilage
33.8,69.4,903,1312,2016,24-09-2025 08:12,1,Early Spoilage
33.8,69.3,893,1250,2016,24-09-2025 08:17,1,Early Spoilage
33.8,69.2,884,1264,2002,24-09-2025 08:22,1,Early Spoilage
33.8,69.1,879,1296,1894,24-09-2025 08:27,1,Early Spoilage
33.8,69,883,1334,1867,24-09-2025 08:32,1,Early Spoilage
33.9,68.9,896,1290,1888,24-09-2025 08:37,1,Early Spoilage
33.9,69,926,1365,1893,24-09-2025 08:42,1,Early Spoilage
33.9,69,956,1342,1892,24-09-2025 08:47,1,Early Spoilage
33.9,68.9,968,1375,1897,24-09-2025 08:52,1,Early Spoilage
33.9,68.8,976,1358,1889,24-09-2025 08:57,1,Early Spoilage
33.9,68.8,1008,1374,1897,24-09-2025 09:02,1,Early Spoilage
33.9,68.6,1004,1361,1899,24-09-2025 09:08,1,Early Spoilage
33.9,68.6,970,1296,1892,24-09-2025 09:13,1,Early Spoilage
33.9,68.7,991,1356,1923,24-09-2025 09:18,1,Early Spoilage
33.8,68.7,966,1330,1930,24-09-2025 09:23,1,Early Spoilage
33.9,68.5,944,1347,1937,24-09-2025 09:28,1,Early Spoilage
33.9,68.4,928,1387,1937,24-09-2025 09:33,1,Early Spoilage
33.9,68.3,909,1361,1926,24-09-2025 09:38,1,Early Spoilage
33.9,68.4,896,1367,1931,24-09-2025 09:43,1,Early Spoilage
33.9,68.2,899,1342,1931,24-09-2025 09:48,1,Early Spoilage
33.9,68.4,906,1391,1945,24-09-2025 09:53,1,Early Spoilage
33.9,68.4,909,1357,1950,24-09-2025 09:58,1,Early Spoilage
34,68.4,904,1424,1955,24-09-2025 10:03,1,Early Spoilage
34,68.3,902,1366,1948,24-09-2025 10:08,1,Early Spoilage
33.9,68.3,910,1354,1957,24-09-2025 10:13,1,Early Spoilage
34,68.1,929,1371,1955,24-09-2025 10:18,1,Early Spoilage
34,68,967,1424,1963,24-09-2025 10:23,1,Early Spoilage
33.9,68,981,1424,1991,24-09-2025 10:28,1,Early Spoilage
33.9,68,1008,1394,1998,24-09-2025 10:33,1,Early Spoilage
33.9,67.8,1006,1350,1989,24-09-2025 10:38,1,Early Spoilage
33.9,67.8,998,1395,1997,24-09-2025 10:43,1,Early Spoilage
33.9,67.8,977,1443,1998,24-09-2025 10:48,1,Early Spoilage
34,67.5,974,1360,1982,24-09-2025 10:53,1,Early Spoilage
34,67.6,966,1360,1988,24-09-2025 10:58,1,Early Spoilage
34,67.5,974,1394,1983,24-09-2025 11:04,1,Early Spoilage
34.1,67.3,983,1358,1990,24-09-2025 11:14,1,Early Spoilage
34.1,67.4,995,1428,1994,24-09-2025 11:19,1,Early Spoilage
34.1,67.3,996,1487,1995,24-09-2025 11:24,1,Early Spoilage
34.2,67.3,989,1421,1986,24-09-2025 11:29,1,Early Spoilage
34.2,67.2,986,1413,1995,24-09-2025 11:34,1,Early Spoilage
34.2,66.9,981,1427,1972,24-09-2025 11:39,1,Early Spoilage
34.3,66.7,975,1387,1952,24-09-2025 11:44,1,Early Spoilage
34.3,66.9,975,1354,1968,24-09-2025 11:49,1,Early Spoilage
34.3,66.6,955,1307,1929,24-09-2025 11:54,1,Early Spoilage
34.3,66.6,933,1298,1903,24-09-2025 11:59,1,Early Spoilage
34.3,66.5,912,1279,1883,24-09-2025 12:04,1,Early Spoilage
34.4,66.5,919,1322,1899,24-09-2025 12:09,1,Early Spoilage
34.4,66.4,939,1400,1904,24-09-2025 12:14,1,Early Spoilage
34.4,66.3,937,1315,1898,24-09-2025 12:19,1,Early Spoilage
34.4,66.1,923,1308,1902,24-09-2025 12:24,1,Early Spoilage
34.4,66.2,911,1367,1905,24-09-2025 12:29,1,Early Spoilage
34.4,66,897,1343,1890,24-09-2025 12:34,1,Early Spoilage
34.5,66.3,912,1359,1920,24-09-2025 12:39,1,Early Spoilage
34.5,66.4,919,1364,1929,24-09-2025 12:44,1,Early Spoilage
34.5,66.4,913,1354,1922,24-09-2025 12:49,1,Early Spoilage
34.5,66.4,917,1388,1938,24-09-2025 12:54,1,Early Spoilage
34.5,65.9,911,1322,1908,24-09-2025 12:59,1,Early Spoilage
34.5,65.5,898,1289,1905,24-09-2025 13:04,1,Early Spoilage
34.5,65.3,903,1250,1904,24-09-2025 13:09,1,Early Spoilage
34.5,65.7,924,1466,1962,24-09-2025 13:14,1,Early Spoilage
34.5,65.7,933,1446,1989,24-09-2025 13:20,1,Early Spoilage
34.5,65.7,946,1435,2013,24-09-2025 13:25,1,Early Spoilage
34.6,65.7,954,1447,2033,24-09-2025 13:30,1,Early Spoilage
34.6,65.6,970,1449,2061,24-09-2025 13:35,1,Early Spoilage
34.6,65.6,977,1472,2078,24-09-2025 13:40,1,Early Spoilage
34.5,65.6,1021,1483,2128,24-09-2025 13:45,1,Early Spoilage
34.5,65.5,1023,1413,2134,24-09-2025 13:50,1,Early Spoilage
34.5,64.7,978,1345,2057,24-09-2025 13:55,1,Early Spoilage
34.4,64.4,946,1241,2000,24-09-2025 14:00,1,Early Spoilage
34.4,64.4,939,1296,1973,24-09-2025 14:05,1,Early Spoilage
34.4,64.3,926,1279,1945,24-09-2025 14:10,1,Early Spoilage
34.4,64.2,913,1296,1930,24-09-2025 14:15,1,Early Spoilage
34.5,64.1,912,1232,1915,24-09-2025 14:20,1,Early Spoilage
34.5,63.9,910,1259,1907,24-09-2025 14:25,1,Early Spoilage
34.5,63.7,899,1232,1883,24-09-2025 14:30,1,Early Spoilage
34.6,63.6,897,1181,1881,24-09-2025 14:35,1,Early Spoilage
34.6,63.4,891,1218,1872,24-09-2025 14:40,1,Spoiled
34.6,63.2,890,1205,1863,24-09-2025 14:45,1,Spoiled
34.6,63,884,1198,1857,24-09-2025 14:50,1,Spoiled
34.7,62.7,878,1242,1837,24-09-2025 14:55,1,Spoiled
34.7,62.5,876,1207,1838,24-09-2025 15:00,1,Spoiled
34.7,62.6,875,1223,1847,24-09-2025 15:05,1,Spoiled
34.7,62.4,870,1232,1837,24-09-2025 15:10,1,Spoiled
34.7,62.1,870,1203,1840,24-09-2025 15:15,1,Spoiled
34.7,62.1,896,1265,1857,24-09-2025 15:20,1,Spoiled
34.7,61.8,887,1231,1840,24-09-2025 15:25,1,Spoiled
34.7,61.6,894,1241,1845,24-09-2025 15:30,1,Spoiled
34.7,61.7,869,1157,1833,24-09-2025 15:35,1,Spoiled
34.7,61.7,864,1200,1826,24-09-2025 15:40,1,Spoiled
34.7,61.6,877,1203,1825,24-09-2025 15:45,1,Spoiled
34.7,61.6,873,1198,1828,24-09-2025 15:51,1,Spoiled
34.8,61.5,878,1226,1829,24-09-2025 15:56,1,Spoiled
34.8,61.6,873,1217,1837,24-09-2025 16:01,1,Spoiled
34.8,61.5,867,1263,1840,24-09-2025 16:06,1,Spoiled
34.8,61.7,894,1356,1891,24-09-2025 16:11,1,Spoiled
34.9,61.8,912,1411,1911,24-09-2025 16:16,1,Spoiled
34.9,61.6,899,1328,1907,24-09-2025 16:21,1,Spoiled
34.8,61.3,906,1284,1891,24-09-2025 16:26,1,Spoiled
34.8,61.3,921,1303,1905,24-09-2025 16:31,1,Spoiled
34.8,61,893,1255,1883,24-09-2025 16:36,1,Spoiled
34.8,61.2,885,1277,1885,24-09-2025 16:41,1,Spoiled
34.8,61.1,893,1248,1874,24-09-2025 16:46,1,Spoiled
34.8,61,880,1241,1872,24-09-2025 16:51,1,Spoiled
34.8,61,886,1230,1866,24-09-2025 17:01,1,Spoiled
34.7,60.9,894,1235,1851,24-09-2025 17:06,1,Spoiled
34.8,61,881,1215,1855,24-09-2025 17:16,1,Spoiled
34.8,61,879,1231,1844,24-09-2025 17:21,1,Spoiled
34.8,61,861,1250,1840,24-09-2025 17:26,1,Spoiled
34.8,60.9,852,1239,1831,24-09-2025 17:31,1,Spoiled
34.8,60.8,848,1216,1820,24-09-2025 17:36,1,Spoiled
34.8,60.8,848,1200,1815,24-09-2025 17:41,1,Spoiled
34.8,61.1,865,1360,1866,24-09-2025 17:46,1,Spoiled
34.8,61.1,875,1290,1894,24-09-2025 17:51,1,Spoiled
34.9,61.1,880,1310,1905,24-09-2025 17:57,1,Spoiled
34.9,61.1,902,1419,1915,24-09-2025 18:02,1,Spoiled
34.9,61.2,918,1328,1933,24-09-2025 18:07,1,Spoiled
34.9,61.2,900,1363,1939,24-09-2025 18:12,1,Spoiled
34.9,61.2,907,1364,1954,24-09-2025 18:17,1,Spoiled
34.9,61.3,903,1374,1954,24-09-2025 18:22,1,Spoiled
34.9,61.3,922,1419,1961,24-09-2025 18:27,1,Spoiled
34.9,61.3,938,1406,1974,24-09-2025 18:32,1,Spoiled
34.9,61.3,947,1426,2001,24-09-2025 18:37,1,Spoiled
34.9,61.3,961,1426,2010,24-09-2025 18:42,1,Spoiled
35,61.4,1008,1471,2038,24-09-2025 18:47,1,Spoiled
35,61.2,1010,1505,2042,24-09-2025 18:52,1,Spoiled
35,61.2,1010,1507,2057,24-09-2025 18:57,1,Spoiled
35,61.2,987,1533,2035,24-09-2025 19:02,1,Spoiled
35,61.2,964,1456,2032,24-09-2025 19:07,1,Spoiled
35,61.1,982,1447,2033,24-09-2025 19:12,1,Spoiled
35,61.2,973,1519,2038,24-09-2025 19:17,1,Spoiled
35,61.3,991,1475,2055,24-09-2025 19:22,1,Spoiled
34.9,61.3,999,1487,2063,24-09-2025 19:27,1,Spoiled
35,61.4,1006,1478,2062,24-09-2025 19:32,1,Spoiled
35,61.5,1009,1570,2066,24-09-2025 19:37,1,Spoiled
35,61.5,1011,1442,2062,24-09-2025 19:42,1,Spoiled
35,61.6,1004,1455,2061,24-09-2025 19:47,1,Spoiled
35,61.6,1003,1439,2061,24-09-2025 19:52,1,Spoiled
35,61.6,991,1465,2063,24-09-2025 19:57,1,Spoiled
35,61.7,982,1424,2059,24-09-2025 20:02,1,Spoiled
35,61.6,995,1450,2058,24-09-2025 20:07,1,Spoiled
35,61.6,990,1459,2064,24-09-2025 20:12,1,Spoiled
35,61.6,987,1442,2070,24-09-2025 20:17,1,Spoiled
35,61.7,981,1441,2064,24-09-2025 20:22,1,Spoiled
35,61.7,992,1488,2067,24-09-2025 20:27,1,Spoiled
35,61.7,985,1436,2065,24-09-2025 20:32,1,Spoiled
35,61.7,995,1478,2078,24-09-2025 20:38,1,Spoiled
35,61.6,994,1450,2078,24-09-2025 20:43,1,Spoiled
35,61.6,984,1456,2085,24-09-2025 20:48,1,Spoiled
35,61.6,999,1418,2083,24-09-2025 20:53,1,Spoiled
35,61.7,994,1429,2080,24-09-2025 20:58,1,Spoiled
35,61.7,991,1466,2079,24-09-2025 21:03,1,Spoiled
35,61.7,986,1431,2086,24-09-2025 21:08,1,Spoiled
35,61.8,985,1595,2106,24-09-2025 21:13,1,Spoiled
35.1,61.8,989,1556,2126,24-09-2025 21:23,1,Spoiled
35.1,61.8,991,1554,2142,24-09-2025 21:28,1,Spoiled
35.2,61.8,996,1535,2154,24-09-2025 21:33,1,Spoiled
35.2,61.7,1001,1520,2153,24-09-2025 21:38,1,Spoiled
35.1,61.6,990,1447,2133,24-09-2025 21:43,1,Spoiled
35,61.6,979,1456,2126,24-09-2025 21:48,1,Spoiled
35,61.6,995,1435,2128,24-09-2025 21:53,1,Spoiled
35,61.6,1008,1462,2128,24-09-2025 21:58,1,Spoiled
35,61.6,1017,1503,2123,24-09-2025 22:03,1,Spoiled
35,61.7,1010,1473,2125,24-09-2025 22:08,1,Spoiled
35,61.6,1007,1409,2135,24-09-2025 22:13,1,Spoiled
35,61.6,997,1445,2127,24-09-2025 22:18,1,Spoiled
35.1,61.9,1020,1501,2131,24-09-2025 22:23,1,Spoiled
35.1,62,1023,1488,2133,24-09-2025 22:28,1,Spoiled
35.2,62.1,1043,1474,2143,24-09-2025 22:34,1,Spoiled
35.3,62.1,1050,1520,2154,24-09-2025 22:39,1,Spoiled
35.3,62.2,1056,1520,2165,24-09-2025 22:44,1,Late Spoilage
35.3,62.2,1057,1578,2150,24-09-2025 22:49,1,Late Spoilage
35.4,62.3,1125,1569,2182,24-09-2025 22:54,1,Late Spoilage
35.4,62.4,1145,1568,2201,24-09-2025 22:59,1,Late Spoilage
35.4,62.5,1138,1506,2214,24-09-2025 23:04,1,Late Spoilage
35.4,62.6,1143,1462,2227,24-09-2025 23:09,1,Late Spoilage
35.4,62.7,1151,1565,2236,24-09-2025 23:14,1,Late Spoilage
35.4,62.8,1149,1533,2243,24-09-2025 23:19,1,Late Spoilage
35.4,62.9,1143,1515,2235,24-09-2025 23:24,1,Late Spoilage
35.4,63,1146,1514,2245,24-09-2025 23:29,1,Late Spoilage
35.4,63.1,1136,1507,2242,24-09-2025 23:34,1,Late Spoilage
35.4,63,1137,1469,2236,24-09-2025 23:39,1,Late Spoilage
35.3,63,1119,1433,2224,24-09-2025 23:44,1,Late Spoilage
35.3,63.3,1135,1466,2239,24-09-2025 23:49,1,Late Spoilage
35.3,63.4,1140,1463,2243,24-09-2025 23:54,1,Late Spoilage
35.3,63.4,1141,1493,2255,24-09-2025 23:59,1,Late Spoilage
35.4,63.5,1138,1479,2260,25-09-2025 00:09,1,Late Spoilage
35.4,63.6,1143,1520,2266,25-09-2025 00:14,1,Late Spoilage
35.4,63.7,1139,1470,2256,25-09-2025 00:19,1,Late Spoilage
35.4,63.7,1134,1485,2246,25-09-2025 00:24,1,Late Spoilage
35.4,63.8,1130,1473,2253,25-09-2025 00:29,1,Late Spoilage
35.4,63.7,1129,1523,2251,25-09-2025 00:34,1,Late Spoilage
35.4,63.9,1132,1485,2259,25-09-2025 00:39,1,Late Spoilage
35.4,63.9,1121,1522,2247,25-09-2025 00:45,1,Late Spoilage
35.4,63.9,1114,1535,2254,25-09-2025 00:50,1,Late Spoilage
35.3,64,1118,1517,2247,25-09-2025 00:55,1,Late Spoilage
35.3,64.1,1157,1535,2274,25-09-2025 01:00,1,Late Spoilage
35.3,64.1,1163,1511,2288,25-09-2025 01:05,1,Late Spoilage
35.3,64.1,1166,1488,2295,25-09-2025 01:10,1,Late Spoilage
35.3,64.1,1187,1525,2310,25-09-2025 01:15,1,Late Spoilage
35.2,64.1,1141,1519,2286,25-09-2025 01:20,1,Late Spoilage
35.2,64.1,1150,1493,2289,25-09-2025 01:25,1,Late Spoilage
35.2,64.1,1182,1488,2314,25-09-2025 01:30,1,Late Spoilage
35.2,64.1,1179,1506,2298,25-09-2025 01:35,1,Late Spoilage
35.2,64.1,1180,1529,2304,25-09-2025 01:40,1,Late Spoilage
35.2,64.1,1147,1485,2287,25-09-2025 01:45,1,Late Spoilage
35.2,64.1,1141,1456,2288,25-09-2025 01:50,1,Late Spoilage
35.2,64.1,1136,1469,2279,25-09-2025 01:55,1,Late Spoilage
35.2,64.1,1152,1456,2297,25-09-2025 02:00,1,Late Spoilage
35.2,64,1157,1450,2289,25-09-2025 02:05,1,Late Spoilage
35.2,64.1,1154,1445,2293,25-09-2025 02:10,1,Late Spoilage
35.2,64.1,1150,1440,2297,25-09-2025 02:15,1,Late Spoilage
35.2,64.1,1150,1471,2299,25-09-2025 02:20,1,Late Spoilage
35.2,64.1,1156,1467,2302,25-09-2025 02:25,1,Late Spoilage
35.2,64.1,1149,1532,2293,25-09-2025 02:30,1,Late Spoilage
35.2,64.1,1152,1520,2292,25-09-2025 02:35,1,Late Spoilage
35.2,64.1,1159,1519,2304,25-09-2025 02:40,1,Late Spoilage
35.2,64.1,1159,1517,2304,25-09-2025 02:45,1,Late Spoilage
35.2,64,1159,1493,2304,25-09-2025 02:50,1,Late Spoilage
35.2,64.1,1158,1520,2304,25-09-2025 02:55,1,Late Spoilage
35.1,64,1154,1497,2293,25-09-2025 03:00,1,Late Spoilage
35.1,64,1136,1481,2283,25-09-2025 03:05,1,Late Spoilage
35.1,64,1143,1518,2288,25-09-2025 03:11,1,Late Spoilage
35.1,64,1133,1470,2287,25-09-2025 03:16,1,Late Spoilage
35.2,63.9,1138,1477,2288,25-09-2025 03:21,1,Late Spoilage
35.1,64,1139,1507,2288,25-09-2025 03:26,1,Late Spoilage
35.1,64,1141,1511,2293,25-09-2025 03:31,1,Late Spoilage
35.1,63.9,1136,1472,2292,25-09-2025 03:36,1,Late Spoilage
35.1,63.9,1141,1514,2304,25-09-2025 03:41,1,Late Spoilage
35.1,63.9,1149,1476,2298,25-09-2025 03:46,1,Late Spoilage
35.1,63.9,1152,1456,2301,25-09-2025 03:51,1,Late Spoilage
35.1,63.9,1165,1499,2306,25-09-2025 03:56,1,Late Spoilage
35.1,63.9,1152,1471,2298,25-09-2025 04:01,1,Late Spoilage
35.1,63.9,1168,1439,2301,25-09-2025 04:06,1,Late Spoilage
35.1,63.9,1168,1488,2301,25-09-2025 04:11,1,Late Spoilage
35.1,63.9,1152,1459,2289,25-09-2025 04:16,1,Late Spoilage
35.1,63.9,1168,1469,2293,25-09-2025 04:21,1,Late Spoilage
35,63.9,1171,1456,2303,25-09-2025 04:26,1,Late Spoilage
35,64,1171,1455,2304,25-09-2025 04:31,1,Late Spoilage
35,64,1173,1475,2305,25-09-2025 04:36,1,Late Spoilage
35,64.1,1186,1456,2320,25-09-2025 04:41,1,Late Spoilage
35,64.1,1186,1424,2319,25-09-2025 04:46,1,Late Spoilage
35,64.1,1195,1474,2318,25-09-2025 04:51,1,Late Spoilage
35.1,64.1,1169,1429,2311,25-09-2025 04:56,1,Late Spoilage
35,64.1,1213,1571,2310,25-09-2025 05:01,1,Late Spoilage
35.1,64.1,1216,1499,2315,25-09-2025 05:06,1,Late Spoilage
35.1,64.1,1200,1535,2296,25-09-2025 05:11,1,Late Spoilage
35,63.5,1155,1444,2256,25-09-2025 05:16,1,Late Spoilage
34.9,63.3,1127,1379,2230,25-09-2025 05:21,1,Late Spoilage
34.8,63.5,1108,1344,2220,25-09-2025 05:26,1,Late Spoilage
34.7,63.5,1088,1316,2197,25-09-2025 05:32,1,Late Spoilage
34.6,63.6,1093,1355,2189,25-09-2025 05:37,1,Late Spoilage
34.6,63.7,1061,1355,2160,25-09-2025 05:42,1,Late Spoilage
34.6,63.6,1069,1344,2154,25-09-2025 05:47,1,Late Spoilage
34.5,63.7,1072,1326,2154,25-09-2025 05:52,1,Late Spoilage
34.4,63.7,1087,1325,2145,25-09-2025 05:57,1,Late Spoilage
34.4,63.8,1091,1334,2137,25-09-2025 06:02,1,Late Spoilage
34.4,63.8,1099,1331,2141,25-09-2025 06:07,1,Late Spoilage
34.3,63.8,1109,1328,2145,25-09-2025 06:12,1,Late Spoilage
34.3,63.8,1126,1242,2143,25-09-2025 06:17,1,Late Spoilage
34.3,63.8,1118,1309,2143,25-09-2025 06:22,1,Late Spoilage
34.2,63.9,1120,1328,2145,25-09-2025 06:27,1,Late Spoilage
34.2,63.9,1111,1314,2143,25-09-2025 06:32,1,Late Spoilage
34.2,64,1127,1346,2147,25-09-2025 06:37,1,Late Spoilage
34.2,64.1,1127,1306,2151,25-09-2025 06:42,1,Late Spoilage
34.2,64.1,1115,1325,2138,25-09-2025 06:47,1,Late Spoilage
33.2,77.1,646,1295,943,26-09-2025 06:47,2,Fresh
33.5,75.6,617,1313,998,26-09-2025 06:52,2,Fresh
33.7,75.2,613,1299,994,26-09-2025 06:57,2,Fresh
33.8,73.7,597,1291,1003,26-09-2025 07:02,2,Fresh
33.9,73.9,610,1291,1045,26-09-2025 07:07,2,Fresh
33.9,75.5,598,1238,1007,26-09-2025 07:12,2,Fresh
34.1,75.8,603,1278,1065,26-09-2025 07:17,2,Fresh
34.1,74.3,615,1292,1106,26-09-2025 07:22,2,Fresh
34.2,74.7,641,1301,1153,26-09-2025 07:27,2,Fresh
34.2,75.5,653,1294,1182,26-09-2025 07:32,2,Fresh
34.2,75.4,642,1314,1194,26-09-2025 07:37,2,Fresh
34.3,74.5,636,1310,1198,26-09-2025 07:42,2,Fresh
34.3,75.4,655,1303,1215,26-09-2025 07:47,2,Fresh
34.2,75.7,660,1392,1208,26-09-2025 08:04,2,Fresh
34.4,74.5,682,1413,1228,26-09-2025 08:14,2,Fresh
34.4,74.8,748,1416,1650,26-09-2025 08:19,2,Fresh
34.2,75.6,847,1433,1732,26-09-2025 08:29,2,Fresh
34.2,75.8,749,1392,1717,26-09-2025 08:31,2,Fresh
34.4,75.4,740,1377,1710,26-09-2025 08:36,2,Fresh
34.6,75.6,918,1426,1778,26-09-2025 08:46,2,Fresh
34.7,75.1,959,1464,1790,26-09-2025 08:51,2,Fresh
34.8,75.6,998,1454,1815,26-09-2025 08:56,2,Fresh
34.9,74.4,1033,1493,1839,26-09-2025 09:01,2,Fresh
34.9,74.2,1051,1563,1857,26-09-2025 09:06,2,Fresh
35,73.8,1062,1466,1863,26-09-2025 09:11,2,Fresh
35,73.8,1080,1423,1880,26-09-2025 09:16,2,Fresh
35.1,74.8,1099,1529,1904,26-09-2025 09:26,2,Fresh
35.1,73.7,1103,1533,1915,26-09-2025 09:31,2,Fresh
35.1,74.6,1108,1588,1920,26-09-2025 09:36,2,Fresh
35.1,75,1103,1514,1909,26-09-2025 09:41,2,Fresh
35.1,73.8,1113,1525,1900,26-09-2025 09:46,2,Fresh
35.1,74.4,1119,1484,1902,26-09-2025 09:51,2,Fresh
35.2,75.5,1119,1525,1915,26-09-2025 09:56,2,Fresh
35.1,75.8,1134,1562,1948,26-09-2025 10:07,2,Fresh
35.1,75.5,1131,1535,1973,26-09-2025 10:12,2,Fresh
35.2,75,1130,1506,1973,26-09-2025 10:17,2,Fresh
35.1,75.6,1143,1584,1995,26-09-2025 10:22,2,Fresh
35.1,75.2,1144,1600,2012,26-09-2025 10:27,2,Fresh
35.1,75.1,1148,1583,2013,26-09-2025 10:32,2,Fresh
35.2,76.3,1176,1616,1996,26-09-2025 10:37,2,Fresh
35.2,74.7,1160,1614,2030,26-09-2025 10:42,2,Fresh
35.2,74.7,1153,1599,2062,26-09-2025 10:47,2,Fresh
35.2,75.7,1167,1612,2094,26-09-2025 10:52,2,Fresh
35.2,76.1,1171,1629,2112,26-09-2025 10:57,2,Fresh
35.2,75,1184,1658,2126,26-09-2025 11:02,2,Fresh
35.2,75.2,1191,1666,2128,26-09-2025 11:07,2,Fresh
35.2,74.9,1183,1633,2140,26-09-2025 11:12,2,Fresh
35.2,75.9,1181,1666,2142,26-09-2025 11:17,2,Fresh
35.2,75.9,1183,1655,2136,26-09-2025 11:22,2,Fresh
35.2,74.8,1179,1645,2108,26-09-2025 11:27,2,Fresh
35.2,76,1171,1654,2097,26-09-2025 11:32,2,Fresh
35.1,75.6,1194,1630,2047,26-09-2025 11:37,2,Fresh
34.9,74.5,1203,1648,2035,26-09-2025 11:42,2,Fresh
34.9,74.9,1225,1591,1745,26-09-2025 11:47,2,Fresh
35,75,1253,1567,2035,26-09-2025 11:52,2,Fresh
35,75.2,1185,1524,2031,26-09-2025 11:57,2,Fresh
34.9,74.5,1159,1535,2015,26-09-2025 12:02,2,Fresh
34.9,74.3,1159,1532,2034,26-09-2025 12:07,2,Fresh
34.9,75.6,1121,1558,2072,26-09-2025 12:12,2,Fresh
34.9,74.4,1070,1438,2053,26-09-2025 12:17,2,Fresh
34.8,75.1,1052,1520,2033,26-09-2025 12:22,2,Fresh
34.8,74.1,1022,1494,1997,26-09-2025 12:27,2,Fresh
34.8,74.5,1017,1482,2013,26-09-2025 12:33,2,Fresh
34.8,75.5,1003,1508,2018,26-09-2025 12:38,2,Fresh
34.8,73.7,984,1466,2018,26-09-2025 12:43,2,Fresh
34.8,73.9,977,1455,2004,26-09-2025 12:48,2,Fresh
34.8,73.7,972,1472,2008,26-09-2025 12:53,2,Fresh
34.8,74.1,958,1490,1999,26-09-2025 12:58,2,Fresh
34.7,73.9,955,1476,2004,26-09-2025 13:03,2,Fresh
34.7,74.1,952,1504,1999,26-09-2025 13:08,2,Fresh
34.7,73.9,939,1493,2000,26-09-2025 13:13,2,Fresh
34.7,74.5,949,1451,1998,26-09-2025 13:18,2,Fresh
34.7,74,933,1453,1999,26-09-2025 13:23,2,Fresh
34.7,74.3,937,1422,2000,26-09-2025 13:28,2,Fresh
34.7,73,932,1441,2007,26-09-2025 13:33,2,Fresh
34.7,74.5,927,1496,1999,26-09-2025 13:38,2,Fresh
34.7,73.2,932,1450,2000,26-09-2025 13:43,2,Fresh
34.6,74,913,1392,2000,26-09-2025 13:48,2,Fresh
34.6,72.3,920,1477,1999,26-09-2025 13:53,2,Fresh
34.6,73.6,908,1404,1996,26-09-2025 13:58,2,Fresh
34.6,72.5,916,1437,1999,26-09-2025 14:03,2,Fresh
34.6,73.4,941,1423,2015,26-09-2025 14:08,2,Fresh
34.6,72.7,963,1462,2011,26-09-2025 14:13,2,Fresh
34.6,72.6,967,1484,2011,26-09-2025 14:18,2,Fresh
34.6,73.5,952,1473,2016,26-09-2025 14:23,2,Fresh
34.6,73.5,939,1572,2013,26-09-2025 14:28,2,Fresh
34.6,72.6,943,1499,2015,26-09-2025 14:33,2,Fresh
34.6,73,939,1495,2014,26-09-2025 14:38,2,Fresh
34.6,72.5,971,1461,2061,26-09-2025 14:43,2,Fresh
34.4,71,985,1392,2055,26-09-2025 14:48,2,Fresh
34.2,71.5,982,1389,2048,26-09-2025 14:53,2,Early Spoilage
34.1,71,947,1312,1990,26-09-2025 14:58,2,Early Spoilage
34.1,71.1,943,1362,2018,26-09-2025 15:03,2,Early Spoilage
34.1,70.2,970,1336,2000,26-09-2025 15:08,2,Early Spoilage
34.1,70.6,1003,1347,2000,26-09-2025 15:13,2,Early Spoilage
34.1,71.3,1002,1374,2028,26-09-2025 15:18,2,Early Spoilage
34,69.8,994,1350,2033,26-09-2025 15:24,2,Early Spoilage
34,70.7,977,1383,2048,26-09-2025 15:29,2,Early Spoilage
34,69.9,958,1282,2030,26-09-2025 15:34,2,Early Spoilage
33.9,69.8,946,1329,2044,26-09-2025 15:39,2,Early Spoilage
33.9,70.3,950,1371,2053,26-09-2025 15:44,2,Early Spoilage
33.9,70.6,953,1350,2046,26-09-2025 15:49,2,Early Spoilage
33.9,69.9,939,1296,2027,26-09-2025 15:54,2,Early Spoilage
33.8,70.6,913,1285,2006,26-09-2025 15:59,2,Early Spoilage
33.8,69.9,905,1297,2007,26-09-2025 16:04,2,Early Spoilage
33.8,70.3,909,1306,2004,26-09-2025 16:09,2,Early Spoilage
33.9,69.8,910,1355,2014,26-09-2025 16:14,2,Early Spoilage
33.9,70,898,1302,2014,26-09-2025 16:19,2,Early Spoilage
33.9,69,893,1283,2017,26-09-2025 16:24,2,Early Spoilage
33.8,69.7,900,1314,2012,26-09-2025 16:29,2,Early Spoilage
33.8,70.2,898,1254,2018,26-09-2025 16:34,2,Early Spoilage
33.8,69.6,889,1260,1998,26-09-2025 16:39,2,Early Spoilage
33.8,68.8,884,1294,1898,26-09-2025 16:44,2,Early Spoilage
33.8,68.8,883,1335,1867,26-09-2025 16:49,2,Early Spoilage
33.9,68.5,899,1289,1893,26-09-2025 16:54,2,Early Spoilage
33.9,68.6,925,1366,1897,26-09-2025 16:59,2,Early Spoilage
33.9,68.2,957,1345,1889,26-09-2025 17:04,2,Early Spoilage
33.9,68.8,965,1373,1900,26-09-2025 17:09,2,Early Spoilage
33.9,69.8,974,1361,1887,26-09-2025 17:14,2,Early Spoilage
33.9,67.9,1007,1374,1900,26-09-2025 17:19,2,Early Spoilage
33.9,68.1,1003,1366,1903,26-09-2025 17:25,2,Early Spoilage
33.9,68.1,967,1297,1896,26-09-2025 17:30,2,Early Spoilage
33.9,69.5,991,1361,1926,26-09-2025 17:35,2,Early Spoilage
33.8,68,962,1328,1934,26-09-2025 17:40,2,Early Spoilage
33.9,69.4,949,1348,1940,26-09-2025 17:45,2,Early Spoilage
33.9,68.7,926,1383,1941,26-09-2025 17:50,2,Early Spoilage
33.9,68.4,907,1363,1931,26-09-2025 17:55,2,Early Spoilage
33.9,67.5,900,1366,1932,26-09-2025 18:00,2,Early Spoilage
33.9,69,904,1343,1928,26-09-2025 18:05,2,Early Spoilage
33.9,67.7,910,1393,1942,26-09-2025 18:10,2,Early Spoilage
33.9,68.3,906,1357,1946,26-09-2025 18:15,2,Early Spoilage
34,68.8,904,1427,1950,26-09-2025 18:20,2,Early Spoilage
34,67.8,902,1366,1943,26-09-2025 18:25,2,Early Spoilage
33.9,68.2,908,1356,1962,26-09-2025 18:30,2,Early Spoilage
34,67.5,924,1374,1951,26-09-2025 18:35,2,Early Spoilage
34,68.8,964,1421,1958,26-09-2025 18:40,2,Early Spoilage
33.9,68.6,981,1428,1995,26-09-2025 18:45,2,Early Spoilage
33.9,68.7,1003,1395,2000,26-09-2025 18:50,2,Early Spoilage
33.9,67.7,1006,1349,1990,26-09-2025 18:55,2,Early Spoilage
33.9,68.8,1003,1393,1992,26-09-2025 19:00,2,Early Spoilage
33.9,67.1,975,1444,1998,26-09-2025 19:05,2,Early Spoilage
34,68.3,973,1358,1983,26-09-2025 19:10,2,Early Spoilage
34,67.5,967,1355,1989,26-09-2025 19:15,2,Early Spoilage
34,67.7,972,1393,1982,26-09-2025 19:21,2,Early Spoilage
34.1,67.9,987,1357,1995,26-09-2025 19:31,2,Early Spoilage
34.1,67.3,991,1429,1993,26-09-2025 19:36,2,Early Spoilage
34.1,66.9,991,1486,1993,26-09-2025 19:41,2,Early Spoilage
34.2,67,984,1425,1982,26-09-2025 19:46,2,Early Spoilage
34.2,68,987,1412,1999,26-09-2025 19:51,2,Early Spoilage
34.2,67.3,979,1429,1972,26-09-2025 19:56,2,Early Spoilage
34.3,66.5,975,1389,1950,26-09-2025 20:01,2,Early Spoilage
34.3,66,977,1359,1968,26-09-2025 20:06,2,Early Spoilage
34.3,66.8,950,1311,1924,26-09-2025 20:11,2,Early Spoilage
34.3,66.9,937,1301,1908,26-09-2025 20:16,2,Early Spoilage
34.3,67,915,1282,1887,26-09-2025 20:21,2,Early Spoilage
34.4,65.5,924,1321,1895,26-09-2025 20:26,2,Early Spoilage
34.4,67.1,940,1404,1900,26-09-2025 20:31,2,Early Spoilage
34.4,66.7,940,1317,1895,26-09-2025 20:36,2,Early Spoilage
34.4,67,923,1308,1905,26-09-2025 20:41,2,Early Spoilage
34.4,65.9,911,1371,1900,26-09-2025 20:46,2,Early Spoilage
34.4,65.1,896,1348,1891,26-09-2025 20:51,2,Early Spoilage
34.5,66.9,914,1357,1920,26-09-2025 20:56,2,Early Spoilage
34.5,65.8,924,1364,1932,26-09-2025 21:01,2,Early Spoilage
34.5,66.7,918,1353,1927,26-09-2025 21:06,2,Early Spoilage
34.5,67.2,920,1393,1936,26-09-2025 21:11,2,Early Spoilage
34.5,66.5,914,1325,1911,26-09-2025 21:16,2,Early Spoilage
34.5,66.3,894,1292,1910,26-09-2025 21:21,2,Early Spoilage
34.5,65.6,899,1253,1908,26-09-2025 21:26,2,Early Spoilage
34.5,65.3,923,1463,1961,26-09-2025 21:31,2,Early Spoilage
34.5,65.3,936,1451,1984,26-09-2025 21:37,2,Early Spoilage
34.5,65.2,948,1432,2015,26-09-2025 21:42,2,Early Spoilage
34.6,64.8,958,1442,2037,26-09-2025 21:47,2,Early Spoilage
34.6,65.3,965,1453,2063,26-09-2025 21:52,2,Early Spoilage
34.6,65,974,1475,2077,26-09-2025 21:57,2,Early Spoilage
34.5,65.3,1020,1481,2130,26-09-2025 22:02,2,Early Spoilage
34.5,65,1022,1418,2138,26-09-2025 22:07,2,Early Spoilage
34.5,64.1,980,1341,2054,26-09-2025 22:12,2,Early Spoilage
34.4,63.9,950,1246,1996,26-09-2025 22:17,2,Early Spoilage
34.4,65.2,940,1295,1971,26-09-2025 22:22,2,Early Spoilage
34.4,63.4,929,1281,1944,26-09-2025 22:27,2,Early Spoilage
34.4,64.6,918,1300,1926,26-09-2025 22:32,2,Early Spoilage
34.5,64.5,912,1236,1910,26-09-2025 22:37,2,Early Spoilage
34.5,63.9,906,1258,1912,26-09-2025 22:42,2,Early Spoilage
34.5,64.3,897,1228,1885,26-09-2025 22:47,2,Early Spoilage
34.6,64.3,896,1180,1882,26-09-2025 22:52,2,Early Spoilage
34.6,63.6,896,1214,1872,26-09-2025 22:57,2,Spoiled
34.6,63.3,893,1206,1862,26-09-2025 23:02,2,Spoiled
34.6,62.2,886,1197,1853,26-09-2025 23:07,2,Spoiled
34.7,62.3,873,1247,1842,26-09-2025 23:12,2,Spoiled
34.7,63.2,872,1212,1837,26-09-2025 23:17,2,Spoiled
34.7,62.1,879,1218,1849,26-09-2025 23:22,2,Spoiled
34.7,62.3,868,1233,1841,26-09-2025 23:27,2,Spoiled
34.7,61.6,873,1205,1842,26-09-2025 23:32,2,Spoiled
34.7,62.8,900,1263,1861,26-09-2025 23:37,2,Spoiled
34.7,62.7,892,1233,1838,26-09-2025 23:42,2,Spoiled
34.7,61.6,889,1236,1849,26-09-2025 23:47,2,Spoiled
34.7,61.3,871,1160,1837,26-09-2025 23:52,2,Spoiled
34.7,60.7,864,1197,1824,26-09-2025 23:57,2,Spoiled
34.7,62.3,874,1202,1822,27-09-2025 00:02,2,Spoiled
34.7,61.8,878,1197,1828,27-09-2025 00:08,2,Spoiled
34.8,61.2,881,1228,1826,27-09-2025 00:13,2,Spoiled
34.8,61.6,874,1212,1833,27-09-2025 00:18,2,Spoiled
34.8,60.6,871,1262,1842,27-09-2025 00:23,2,Spoiled
34.8,62.1,890,1356,1891,27-09-2025 00:28,2,Spoiled
34.9,61.2,915,1416,1912,27-09-2025 00:33,2,Spoiled
34.9,61.6,894,1323,1912,27-09-2025 00:38,2,Spoiled
34.8,60.6,907,1279,1886,27-09-2025 00:43,2,Spoiled
34.8,61.6,924,1301,1907,27-09-2025 00:48,2,Spoiled
34.8,61.2,888,1260,1878,27-09-2025 00:53,2,Spoiled
34.8,61.1,886,1281,1888,27-09-2025 00:58,2,Spoiled
34.8,61.5,893,1243,1869,27-09-2025 01:03,2,Spoiled
34.8,60.8,876,1246,1875,27-09-2025 01:08,2,Spoiled
34.8,61.8,881,1232,1868,27-09-2025 01:18,2,Spoiled
34.7,60.7,889,1232,1854,27-09-2025 01:23,2,Spoiled
34.8,61.7,882,1213,1860,27-09-2025 01:33,2,Spoiled
34.8,61.1,880,1235,1844,27-09-2025 01:38,2,Spoiled
34.8,60.9,864,1255,1843,27-09-2025 01:43,2,Spoiled
34.8,61.3,855,1238,1826,27-09-2025 01:48,2,Spoiled
34.8,59.8,847,1214,1815,27-09-2025 01:53,2,Spoiled
34.8,61.5,852,1199,1812,27-09-2025 01:58,2,Spoiled
34.8,61.3,862,1361,1871,27-09-2025 02:03,2,Spoiled
34.8,60.5,879,1285,1893,27-09-2025 02:08,2,Spoiled
34.9,60.7,880,1309,1909,27-09-2025 02:14,2,Spoiled
34.9,60.5,903,1419,1914,27-09-2025 02:19,2,Spoiled
34.9,60.5,915,1325,1934,27-09-2025 02:24,2,Spoiled
34.9,60.9,898,1366,1940,27-09-2025 02:29,2,Spoiled
34.9,60.4,906,1359,1955,27-09-2025 02:34,2,Spoiled
34.9,60.7,905,1373,1956,27-09-2025 02:39,2,Spoiled
34.9,61.9,920,1416,1964,27-09-2025 02:44,2,Spoiled
34.9,61.6,937,1411,1979,27-09-2025 02:49,2,Spoiled
34.9,60.6,950,1427,2003,27-09-2025 02:54,2,Spoiled
34.9,62.1,958,1427,2009,27-09-2025 02:59,2,Spoiled
35,60.5,1011,1473,2037,27-09-2025 03:04,2,Spoiled
35,61.9,1007,1503,2041,27-09-2025 03:09,2,Spoiled
35,61.4,1008,1509,2062,27-09-2025 03:14,2,Spoiled
35,62.1,986,1529,2038,27-09-2025 03:19,2,Spoiled
35,60.4,960,1452,2028,27-09-2025 03:24,2,Spoiled
35,61.9,987,1445,2030,27-09-2025 03:29,2,Spoiled
35,61.9,971,1516,2036,27-09-2025 03:34,2,Spoiled
35,61.3,990,1475,2050,27-09-2025 03:39,2,Spoiled
34.9,60.9,1000,1489,2066,27-09-2025 03:44,2,Spoiled
35,61.8,1001,1481,2067,27-09-2025 03:49,2,Spoiled
35,61.1,1005,1570,2064,27-09-2025 03:54,2,Spoiled
35,61.9,1014,1441,2061,27-09-2025 03:59,2,Spoiled
35,61.4,1005,1460,2061,27-09-2025 04:04,2,Spoiled
35,62.4,1005,1441,2066,27-09-2025 04:09,2,Spoiled
35,61.3,994,1468,2067,27-09-2025 04:14,2,Spoiled
35,61.5,979,1423,2062,27-09-2025 04:19,2,Spoiled
35,61.2,990,1452,2057,27-09-2025 04:24,2,Spoiled
35,61.4,985,1464,2060,27-09-2025 04:29,2,Spoiled
35,60.8,982,1447,2065,27-09-2025 04:34,2,Spoiled
35,61,976,1446,2059,27-09-2025 04:39,2,Spoiled
35,62.3,996,1483,2066,27-09-2025 04:44,2,Spoiled
35,61.6,985,1434,2065,27-09-2025 04:49,2,Spoiled
35,61.5,991,1474,2074,27-09-2025 04:55,2,Spoiled
35,61.8,995,1455,2077,27-09-2025 05:00,2,Spoiled
35,62.3,984,1458,2080,27-09-2025 05:05,2,Spoiled
35,61.9,994,1417,2084,27-09-2025 05:10,2,Spoiled
35,61.9,989,1428,2083,27-09-2025 05:15,2,Spoiled
35,61.4,989,1471,2079,27-09-2025 05:20,2,Spoiled
35,61.8,984,1436,2084,27-09-2025 05:25,2,Spoiled
35,62.5,984,1596,2108,27-09-2025 05:30,2,Spoiled
35.1,62,991,1561,2129,27-09-2025 05:40,2,Spoiled
35.1,60.9,987,1551,2140,27-09-2025 05:45,2,Spoiled
35.2,61.3,998,1536,2151,27-09-2025 05:50,2,Spoiled
35.2,62.2,1002,1521,2155,27-09-2025 05:55,2,Spoiled
35.1,62.5,985,1443,2136,27-09-2025 06:00,2,Spoiled
35,62.2,983,1453,2124,27-09-2025 06:05,2,Spoiled
35,61.8,993,1433,2123,27-09-2025 06:10,2,Spoiled
35,62.3,1012,1463,2127,27-09-2025 06:15,2,Spoiled
35,62.3,1021,1498,2126,27-09-2025 06:20,2,Spoiled
35,61.7,1008,1477,2120,27-09-2025 06:25,2,Spoiled
35,62.3,1010,1410,2131,27-09-2025 06:30,2,Spoiled
35,61.3,994,1443,2132,27-09-2025 06:35,2,Spoiled
35.1,62.2,1023,1502,2129,27-09-2025 06:40,2,Spoiled
35.1,61.1,1019,1490,2132,27-09-2025 06:45,2,Spoiled
35.2,61.8,1047,1469,2138,27-09-2025 06:51,2,Spoiled
35.3,61.8,1047,1520,2151,27-09-2025 06:56,2,Spoiled
35.3,62,1061,1524,2160,27-09-2025 07:01,2,Late Spoilage
35.3,62,1058,1581,2150,27-09-2025 07:06,2,Late Spoilage
35.4,62.5,1127,1565,2187,27-09-2025 07:11,2,Late Spoilage
35.4,62.2,1142,1572,2199,27-09-2025 07:16,2,Late Spoilage
35.4,62.6,1133,1508,2211,27-09-2025 07:21,2,Late Spoilage
35.4,62.5,1146,1457,2222,27-09-2025 07:26,2,Late Spoilage
35.4,62.1,1147,1566,2232,27-09-2025 07:31,2,Late Spoilage
35.4,63.5,1153,1531,2241,27-09-2025 07:36,2,Late Spoilage
35.4,63.3,1147,1512,2232,27-09-2025 07:41,2,Late Spoilage
35.4,63.3,1146,1519,2249,27-09-2025 07:46,2,Late Spoilage
35.4,63.2,1138,1507,2239,27-09-2025 07:51,2,Late Spoilage
35.4,62.9,1136,1465,2240,27-09-2025 07:56,2,Late Spoilage
35.3,62.9,1122,1430,2223,27-09-2025 08:01,2,Late Spoilage
35.3,62.3,1135,1469,2234,27-09-2025 08:06,2,Late Spoilage
35.3,64.3,1136,1458,2242,27-09-2025 08:11,2,Late Spoilage
35.3,64.4,1138,1495,2250,27-09-2025 08:16,2,Late Spoilage
35.4,63.9,1138,1482,2259,27-09-2025 08:26,2,Late Spoilage
35.4,63.5,1143,1518,2262,27-09-2025 08:31,2,Late Spoilage
35.4,63.6,1144,1473,2255,27-09-2025 08:36,2,Late Spoilage
35.4,64.4,1135,1480,2243,27-09-2025 08:41,2,Late Spoilage
35.4,64.1,1133,1477,2251,27-09-2025 08:46,2,Late Spoilage
35.4,62.9,1134,1522,2246,27-09-2025 08:51,2,Late Spoilage
35.4,63.7,1137,1487,2258,27-09-2025 08:56,2,Late Spoilage
35.4,64.2,1122,1522,2248,27-09-2025 09:02,2,Late Spoilage
35.4,63.8,1117,1539,2251,27-09-2025 09:07,2,Late Spoilage
35.3,64.7,1119,1520,2251,27-09-2025 09:12,2,Late Spoilage
35.3,64.2,1159,1534,2276,27-09-2025 09:17,2,Late Spoilage
35.3,63.8,1162,1511,2289,27-09-2025 09:22,2,Late Spoilage
35.3,63.2,1165,1492,2298,27-09-2025 09:27,2,Late Spoilage
35.3,63.6,1192,1528,2307,27-09-2025 09:32,2,Late Spoilage
35.2,64.9,1145,1524,2290,27-09-2025 09:37,2,Late Spoilage
35.2,64.4,1154,1496,2288,27-09-2025 09:42,2,Late Spoilage
35.2,63.2,1179,1490,2317,27-09-2025 09:47,2,Late Spoilage
35.2,63.3,1180,1511,2298,27-09-2025 09:52,2,Late Spoilage
35.2,64.8,1175,1524,2306,27-09-2025 09:57,2,Late Spoilage
35.2,65,1145,1483,2284,27-09-2025 10:02,2,Late Spoilage
35.2,64.5,1138,1455,2287,27-09-2025 10:07,2,Late Spoilage
35.2,64.2,1131,1473,2278,27-09-2025 10:12,2,Late Spoilage
35.2,64,1154,1459,2302,27-09-2025 10:17,2,Late Spoilage
35.2,63,1159,1448,2288,27-09-2025 10:22,2,Late Spoilage
35.2,64.1,1151,1448,2288,27-09-2025 10:27,2,Late Spoilage
35.2,63.7,1155,1445,2297,27-09-2025 10:32,2,Late Spoilage
35.2,63.9,1147,1467,2300,27-09-2025 10:37,2,Late Spoilage
35.2,63.2,1156,1471,2300,27-09-2025 10:42,2,Late Spoilage
35.2,63.6,1144,1533,2292,27-09-2025 10:47,2,Late Spoilage
35.2,65,1154,1522,2295,27-09-2025 10:52,2,Late Spoilage
35.2,63.6,1158,1524,2303,27-09-2025 10:57,2,Late Spoilage
35.2,63.9,1154,1522,2305,27-09-2025 11:02,2,Late Spoilage
35.2,64.8,1160,1495,2305,27-09-2025 11:07,2,Late Spoilage
35.2,64.3,1159,1519,2309,27-09-2025 11:12,2,Late Spoilage
35.1,63,1158,1495,2288,27-09-2025 11:17,2,Late Spoilage
35.1,64.2,1138,1476,2287,27-09-2025 11:22,2,Late Spoilage
35.1,64.3,1143,1521,2285,27-09-2025 11:28,2,Late Spoilage
35.1,63.8,1136,1466,2284,27-09-2025 11:33,2,Late Spoilage
35.2,63,1141,1474,2288,27-09-2025 11:38,2,Late Spoilage
35.1,63.7,1138,1502,2287,27-09-2025 11:43,2,Late Spoilage
35.1,63.4,1143,1516,2292,27-09-2025 11:48,2,Late Spoilage
35.1,63.8,1136,1475,2297,27-09-2025 11:53,2,Late Spoilage
35.1,63.3,1137,1514,2306,27-09-2025 11:58,2,Late Spoilage
35.1,64.1,1145,1481,2302,27-09-2025 12:03,2,Late Spoilage
35.1,63.1,1155,1460,2304,27-09-2025 12:08,2,Late Spoilage
35.1,63.6,1160,1496,2302,27-09-2025 12:13,2,Late Spoilage
35.1,63.1,1154,1472,2302,27-09-2025 12:18,2,Late Spoilage
35.1,63.1,1164,1435,2299,27-09-2025 12:23,2,Late Spoilage
35.1,63.1,1168,1488,2298,27-09-2025 12:28,2,Late Spoilage
35.1,64.7,1153,1455,2290,27-09-2025 12:33,2,Late Spoilage
35.1,64,1165,1466,2293,27-09-2025 12:38,2,Late Spoilage
35,63.7,1175,1459,2302,27-09-2025 12:43,2,Late Spoilage
35,64.4,1166,1455,2301,27-09-2025 12:48,2,Late Spoilage
35,64.1,1171,1474,2310,27-09-2025 12:53,2,Late Spoilage
35,63.9,1182,1453,2315,27-09-2025 12:58,2,Late Spoilage
35,64.8,1182,1424,2317,27-09-2025 13:03,2,Late Spoilage
35,63.4,1198,1470,2316,27-09-2025 13:08,2,Late Spoilage
35.1,64.8,1166,1433,2310,27-09-2025 13:13,2,Late Spoilage
35,64.1,1210,1574,2306,27-09-2025 13:18,2,Late Spoilage
35.1,63.9,1218,1504,2314,27-09-2025 13:23,2,Late Spoilage
35.1,63.2,1205,1537,2301,27-09-2025 13:28,2,Late Spoilage
35,63.5,1153,1447,2251,27-09-2025 13:33,2,Late Spoilage
34.9,63.3,1125,1384,2225,27-09-2025 13:38,2,Late Spoilage
34.8,64.4,1110,1348,2225,27-09-2025 13:43,2,Late Spoilage
34.7,62.7,1085,1311,2195,27-09-2025 13:49,2,Late Spoilage
34.6,63,1098,1351,2188,27-09-2025 13:54,2,Late Spoilage
34.6,64.7,1062,1359,2156,27-09-2025 13:59,2,Late Spoilage
34.6,62.7,1073,1347,2151,27-09-2025 14:04,2,Late Spoilage
34.5,63.1,1077,1328,2149,27-09-2025 14:09,2,Late Spoilage
34.4,62.9,1090,1321,2148,27-09-2025 14:14,2,Late Spoilage
34.4,64.2,1093,1339,2132,27-09-2025 14:19,2,Late Spoilage
34.4,64,1095,1329,2142,27-09-2025 14:24,2,Late Spoilage
34.3,63.4,1109,1330,2146,27-09-2025 14:29,2,Late Spoilage
34.3,64,1123,1241,2141,27-09-2025 14:34,2,Late Spoilage
34.3,63.3,1115,1314,2142,27-09-2025 14:39,2,Late Spoilage
34.2,64.9,1123,1325,2149,27-09-2025 14:44,2,Late Spoilage
34.2,64.2,1113,1309,2138,27-09-2025 14:49,2,Late Spoilage
34.2,64.9,1122,1347,2150,27-09-2025 14:54,2,Late Spoilage
34.2,63.6,1122,1306,2146,27-09-2025 14:59,2,Late Spoilage
34.2,64.8,1120,1329,2133,27-09-2025 15:04,2,Late Spoilage
